{
  "users": [
    {
      "username": "regular@example.com",
      "password": "$2a$10$2myKMolZJoH.q.cyXClQXufY1Mc7ETKdSaQQCC6Fgtbe0DCXRBELG",
      "id": 1
    },
    {
      "username": "admin@example.com",
      "password": "$2a$10$w8qB40MdYkMs3dgGGf0Pu.xxVOOzWdZ5/Nrkleo3Gqc88PF/OQhOG",
      "id": 2
    },
    {
      "email": "regular@example.com",
      "password": "$2a$10$063ugjOLuX0jOpv0zb.1je4bu9GYYcaxN5OVHDUas5ut40/pvDu1G",
      "id": 3
    },
    {
      "email": "admin@example.com",
      "password": "$2a$10$egxTLyj7s5aOpxT1RFJzQuPsBVNW8I63etqmvhunhZ83Rr4Pzbih.",
      "id": 4
    },
    {
      "email": "sreenathsaikumar@gmail.com",
      "password": "$2a$10$fac5idejLf7zvJMPMuabp./n1xHON7jEcon3XxE.zeuIpHIcF5bwq",
      "id": 5
    },
    {
      "email": "dummy@email.com",
      "password": "$2a$10$ioJmTEeR/a/FOShMSb6xHO19nbJk6aR.tRy2yCNYDyg61NVJUFHJK",
      "id": 6
    },
    {
      "email": "test2@email.com",
      "password": "$2a$10$LGdDEmHZhBinr15vExZtSu5gOGihq3RtJM93xeXtah7kmhuXUtbM.",
      "id": 7
    }
  ]
}